,k=2,k=5,k=20,k=30
Digit 0,0.053761463988167994,0.02919652717066346,0.02184534120108097,0.01610927575415841
Digit 1,0.03582178473790613,0.034132900623895956,0.01030167192736772,0.007182553083907524
Digit 2,0.06062726992619579,0.051612071981446836,0.033899920192852664,0.026716295662009604
Digit 3,0.06468952836404442,0.04002292845557529,0.015228401286284271,0.012359324049046055
Digit 4,0.07050287608308808,0.06263616431777043,0.033526373121517336,0.03017527261567481
Digit 5,0.06123814235791685,0.05515310138770341,0.02884581157056876,0.023320598405170218
Digit 6,0.06014636589977951,0.04342301807758808,0.026046411473169582,0.020487364480331748
Digit 7,0.04565642718117878,0.03558639998657324,0.014366880267648992,0.011182749001335727
Digit 8,0.05130367482146981,0.03574747391948844,0.021186953908569724,0.016795927680222856
Digit 9,0.03999179593863493,0.0386516366228019,0.020781968676843256,0.01757073092836386
